Date_Time_Hour_Beginning,Thermal_Gen_Excl_Pumping_and_SCO,Eskom_OCGT_SCO_Pumping,Eskom_Gas_SCO_Pumping,Hydro_Water_SCO_Pumping,Pumped_Water_SCO_Pumping,Thermal_Generation,Nuclear_Generation,International_Imports,Eskom_OCGT_Generation,Eskom_Gas_Generation,Dispatchable_IPP_OCGT,Hydro_Water_Generation,Pumped_Water_Generation,IOS_Excl_ILS_and_MLR,ILS_Usage,Manual_Load_Reduction_MLR,Wind,PV,CSP,Other_RE
2025-07-31 00:00:00,17920.066999999999,0,-1.909,0,-1843.9159999999999,19765.892,949.33000000000004,650.24599999999998,0,0,0.024,3.0000000000000001E-3,-2.214,0,0,0,2065.1729999999998,0,0,38.258000000000003
2025-07-31 01:00:00,18119.671000000002,0,-1.9079999999999999,0,-1682.4390000000001,19804.018,949.44399999999996,594.04300000000001,0,0,1.4999999999999999E-2,3.0000000000000001E-3,-0.22500000000000001,0,0,0,1466.2159999999999,0,0,39.901000000000003
2025-07-31 02:00:00,18064.772000000001,0,-1.905,0,-1732.2860000000001,19798.963,949.99199999999996,598.87400000000002,0,0,5.2999999999999999E-2,3.0000000000000001E-3,-0.68400000000000005,11.4,0,0,1330.8150000000001,0,0,41.012
2025-07-31 03:00:00,18340.599999999999,0,-1.883,0,-1811.3209999999999,20153.804,950.21199999999999,586.78499999999997,0,0,0.078,3.0000000000000001E-3,0,19,0,0,1337.7929999999999,0,0,41.622999999999998
2025-07-31 04:00:00,19256.394,0,-1.8700000000000001,0,-1166.578,20424.842000000001,950.17399999999998,782.83500000000004,0,0,0.024,3.0000000000000001E-3,-2.6059999999999999,7.5999999999999996,0,0,2265.4279999999999,0,0,42.322000000000003
2025-07-31 05:00:00,21440.73,0,-1.877,0,-229.495,21672.101999999999,949.99599999999998,812.62099999999998,0,0,144.072,98.004000000000005,553.53099999999995,0,0,0,2418.873,0,0,40.442999999999998
2025-07-31 06:00:00,22151.298999999999,0,-1.8779999999999999,0,-4.4539999999999997,22157.631000000001,949.74099999999999,803.31200000000001,0,0,148.934,321.01799999999997,1437.4929999999999,0,0,0,2355.3739999999998,0.36699999999999999,0,39.279000000000003
2025-07-31 07:00:00,21690.336000000003,0,-1.8879999999999999,0,-4.5099999999999998,21696.734,949.76400000000001,826.64499999999998,0,0,137.381,484.07299999999998,1468.309,0,0,0,2088.8589999999999,94.983000000000004,0,44.607999999999997
2025-07-31 08:00:00,21264.263999999999,0,-1.895,0,-4.4649999999999999,21270.624,950.02499999999998,812.39999999999998,0,0,108.86799999999999,325.685,1472.316,0,0,0,2004.96,744.59400000000005,0.79200000000000004,43.984999999999999
2025-07-31 09:00:00,20266.147000000004,0,-1.905,0,-4.9740000000000002,20273.026000000002,949.55100000000004,719.91399999999999,0,0,150.00399999999999,24.434999999999999,1464.4580000000001,0,0,0,2155.8229999999999,1327.6610000000001,62.018999999999998,33.027999999999999
2025-07-31 10:00:00,19760.389999999999,0,-1.895,0,-49.610999999999997,19811.896000000001,948.41099999999994,693.779,0,0,151.15700000000001,4.0000000000000001E-3,572.60799999999995,0,0,0,2610.123,1518.04,131.572,27.347000000000001
2025-07-31 11:00:00,19707.501999999997,0,-1.8779999999999999,0,-338.65100000000001,20048.030999999999,948.50999999999999,489.43900000000002,0,0,149.70699999999999,4.0000000000000001E-3,14.398999999999999,0,0,0,2984.8150000000001,1115.53,99.894999999999996,27.692
2025-07-31 12:00:00,19443.757000000001,0,-1.8740000000000001,0,-531.35000000000002,19976.981,948.49800000000005,489.78500000000003,0,0,148.90600000000001,4.0000000000000001E-3,-2.0259999999999998,0,0,0,3069.0410000000002,516.20100000000002,110.247,28.315000000000001
2025-07-31 13:00:00,19261.663,0,-1.923,0,-492.363,19755.949000000001,948.94799999999998,487.66699999999997,0,0,148.988,4.0000000000000001E-3,-2.1259999999999999,0,0,0,3002.2249999999999,498.30700000000002,118.68300000000001,31.925999999999998
2025-07-31 14:00:00,19475.423999999999,0,-1.8779999999999999,0,-622.43100000000004,20099.733,949.03099999999995,490.20699999999999,0,0,149.29499999999999,4.0000000000000001E-3,-1.115,0,0,0,2939.1129999999998,489.93700000000001,107.66500000000001,41.18
2025-07-31 15:00:00,20319.948,0,-1.8959999999999999,0,-139.393,20461.237000000001,948.86699999999996,494.90100000000001,0,0,149.595,4.0000000000000001E-3,90.566000000000003,0,0,0,2906.0239999999999,468.25700000000001,175.52500000000001,43.209000000000003
2025-07-31 16:00:00,21209.296000000002,0,-1.907,0,-15.946,21227.149000000001,948.55999999999995,494.15100000000001,0,0,149.28899999999999,242.00399999999999,527.05600000000004,0,0,0,2779.9720000000002,782.72500000000002,253.69800000000001,41.962000000000003
2025-07-31 17:00:00,22301.447999999997,0,-1.913,0,-12.577,22315.937999999998,948.46600000000001,647.30999999999995,0,0,148.72300000000001,245.197,942.93100000000004,0,0,0,2667.645,198.74100000000001,256.02999999999997,45.857999999999997
2025-07-31 18:00:00,23843.014999999999,0,-1.9379999999999999,0,-9.1319999999999997,23854.084999999999,948.36400000000003,674.98000000000002,2.113,0,148.91,602.89999999999998,1444.6320000000001,0,0,0,2541.1999999999998,0.17699999999999999,264.97800000000001,46.362000000000002
2025-07-31 19:00:00,23214.046000000002,0,-1.9450000000000001,0,-9.3030000000000008,23225.294000000002,948.68200000000002,664.52099999999996,18.209,0,148.916,549.87599999999998,1342.95,0,0,0,2322.7849999999999,0,290.755,45.850999999999999
2025-07-31 20:00:00,22318.731,0,-1.9590000000000001,0,-4.5410000000000004,22325.231,948.49300000000005,668.46799999999996,0,0,148.91900000000001,243.00299999999999,1622.3399999999999,0,0,0,2157.6379999999999,0,334.38600000000002,41.731000000000002
2025-07-31 21:00:00,21674.927,0,-1.9730000000000001,0,-30.907,21707.807000000001,948.53700000000003,702.24300000000005,0,0,79.367000000000004,14.003,738.86199999999997,0,0,0,1958.3620000000001,0,305.69099999999997,41.164000000000001
2025-07-31 22:00:00,20993.409000000003,0,-1.9970000000000001,0,-692.27800000000002,21687.684000000001,948.351,732.74599999999998,0,0,4.2999999999999997E-2,3.0000000000000001E-3,50.320999999999998,0,0,0,1663.1890000000001,0,41.399000000000001,45.518999999999998
2025-07-31 23:00:00,19150.474999999999,0,-1.992,0,-1778.4000000000001,20930.866999999998,948.404,756.36500000000001,0,0,8.6999999999999994E-2,3.0000000000000001E-3,-4.1870000000000003,0,0,0,1521.3779999999999,0,16.620999999999999,45.247999999999998
2025-08-01 00:00:00,18138.752,0,-2.0099999999999998,0,-1835.202,19975.964,948.52700000000004,764.81299999999999,0,0,6.8000000000000005E-2,3.0000000000000001E-3,0,0,0,0,1550.7190000000001,0,0,45.472999999999999
2025-08-01 01:00:00,17544.616000000002,0,-2.0110000000000001,0,-1834.6949999999999,19381.322,948.46500000000003,761.67700000000002,0,0,3.5000000000000003E-2,3.0000000000000001E-3,0,0,0,0,1589.7660000000001,0,0,45.273000000000003
2025-08-01 02:00:00,17451.197999999997,-0.46700000000000003,-2.024,0,-1830.6659999999999,19284.355,948.38499999999999,767.61599999999999,0,0,5.0000000000000001E-3,3.0000000000000001E-3,0,0,0,0,1667.1679999999999,0,0,44.920999999999999
2025-08-01 03:00:00,18042.101000000002,0,-2.0110000000000001,0,-1744.568,19788.68,948.54999999999995,778.822,0,0,2.9000000000000001E-2,3.0000000000000001E-3,0,0,0,0,1548.3440000000001,0,0,45.281999999999996
2025-08-01 04:00:00,19784.748,0,-1.992,0,-1614.3620000000001,21401.101999999999,948.64499999999998,788.69799999999998,0,0,1.4999999999999999E-2,3.0000000000000001E-3,0,0.66700000000000004,0,0,1663.5340000000001,0,0,43.610999999999997
2025-08-01 05:00:00,22405.625,0,-1.964,0,-623.15999999999997,23030.749,948.65899999999999,771.74300000000005,0,0,144.08699999999999,116.003,102.295,0,0,0,1685.633,0,0,41.143999999999998
2025-08-01 06:00:00,23403.548000000003,0,-1.9830000000000001,0,-12.119,23417.650000000001,948.36199999999997,779.49699999999996,0,0,137.429,235.00299999999999,507.52199999999999,0,0,0,1653.4690000000001,0.20200000000000001,0,44.597999999999999
2025-08-01 07:00:00,23534.700000000004,0,-1.976,0,-111.297,23647.973000000002,948.45799999999997,818.09400000000005,0,0,57.697000000000003,505.49900000000002,158.99199999999999,0,0,0,1675.037,122.499,0,45.523000000000003
2025-08-01 08:00:00,22489.714,0,-1.948,0,-35.670000000000002,22527.331999999999,948.60699999999997,807.09299999999996,0,0,145.911,503.80500000000001,314.94799999999998,0,0,0,1656.345,795.125,4.2039999999999997,44.932000000000002
2025-08-01 09:00:00,21532.618999999999,0,-1.958,0,-12.898999999999999,21547.475999999999,948.63400000000001,791.01999999999998,0,0,151.12799999999999,13.981,804.346,0,0,0,1604.902,1227.7619999999999,78.212999999999994,44.274999999999999
2025-08-01 10:00:00,20686.114000000001,0,-1.9319999999999999,0,-13.98,20702.026000000002,948.81500000000005,782.20899999999995,0,0,150.23500000000001,4.0000000000000001E-3,572.26599999999996,0,0,0,1543.8499999999999,1331.941,156.78800000000001,45.302999999999997
2025-08-01 11:00:00,20012.475999999999,0,-1.925,0,-92.769000000000005,20107.169999999998,948.69600000000003,771.45299999999997,0,0,150.12899999999999,4.0000000000000001E-3,327.76799999999997,0,0,0,1575.1120000000001,1382.3340000000001,203.571,45.512
2025-08-01 12:00:00,19422.305999999997,0,-1.9139999999999999,0,-438.11200000000002,19862.331999999999,948.80399999999997,787.23800000000006,0,0,150.21600000000001,4.0000000000000001E-3,-2.1509999999999998,0,0,0,1515.941,1377.5640000000001,216.68700000000001,45.081000000000003
2025-08-01 13:00:00,18925.592999999997,0,-1.9159999999999999,0,-606.58000000000004,19534.089,948.255,788.46199999999999,0,0,150.80699999999999,4.0000000000000001E-3,83.403000000000006,0,0,0,1411.8019999999999,1362.2270000000001,210.589,44.487000000000002
2025-08-01 14:00:00,19125.505000000001,0,-1.9079999999999999,0,-440.71899999999999,19568.132000000001,948.12099999999998,796.12400000000002,0,0,150.03200000000001,4.0000000000000001E-3,-1.117,0,0,0,1375.7170000000001,1328.6700000000001,221.53399999999999,45.524000000000001
2025-08-01 15:00:00,20022.758999999998,0,-1.917,0,-171.99000000000001,20196.666000000001,947.98199999999997,823.25300000000004,0,0,150.90799999999999,4.0000000000000001E-3,27.524000000000001,0,0,0,1280.2239999999999,1212.4680000000001,218.33000000000001,43.198
2025-08-01 16:00:00,20889.178,0,-1.9139999999999999,0,-13.807,20904.899000000001,947.85599999999999,821.07299999999998,0,0,151.15799999999999,4.0000000000000001E-3,582.63400000000001,0,0,0,1284.855,842.06799999999998,270.43900000000002,43.802
2025-08-01 17:00:00,21967.116999999998,0,-1.931,0,-4.8029999999999999,21973.850999999999,947.87900000000002,780.31500000000005,0,0,148.99199999999999,234.767,1551.5909999999999,40,0,0,1304.9670000000001,174.95699999999999,293.06299999999999,45.271000000000001
2025-08-01 18:00:00,22645.155000000002,0,-1.9390000000000001,0,0,22647.094000000001,947.48800000000006,757.73800000000006,0,0,148.88200000000001,608.02599999999995,2245.4360000000001,40,253.30000000000001,0,1395.3800000000001,0.11799999999999999,258.28899999999999,44.426000000000002
2025-08-01 19:00:00,22519.204000000002,0,-1.962,0,-5.4219999999999997,22526.588,947.54700000000003,700.99199999999996,0,0,148.935,494.64299999999997,1907.3150000000001,0,193.69999999999999,0,1406.3679999999999,0,234.24199999999999,44.298999999999999
2025-08-01 20:00:00,22256.644,0,-1.9870000000000001,0,-0.81399999999999995,22259.445,947.61500000000001,687.30799999999999,0,0,148.90100000000001,219.00299999999999,1987.231,0,0,0,1328.4369999999999,0,227.06200000000001,44.991999999999997
2025-08-01 21:00:00,22059.720000000001,0,-1.9530000000000001,0,-12.404999999999999,22074.078000000001,947.86000000000001,727.91200000000003,0,0,79.387,18.003,1029.731,0,0,0,1276.1949999999999,0,203.505,45.023000000000003
2025-08-01 22:00:00,21638.331000000002,0,-1.96,0,-295.53100000000001,21935.822,947.88400000000001,753.19299999999998,0,0,0.01,3.0000000000000001E-3,307.78199999999998,0,0,0,1303.894,0,35.636000000000003,45.348999999999997
2025-08-01 23:00:00,20235.650000000001,0,-1.9590000000000001,0,-1441.2560000000001,21678.865000000002,947.89300000000003,779.17399999999998,0,0,3.7999999999999999E-2,3.0000000000000001E-3,-6.0890000000000004,0,0,0,1282.29,0,3.7010000000000001,45.457000000000001
2025-08-02 00:00:00,18824.003000000004,0,-1.956,0,-1841.4960000000001,20667.455000000002,948.22199999999998,796.673,0,0,4.2999999999999997E-2,3.0000000000000001E-3,0,0,0,0,1244.1659999999999,0,0,19.254000000000001
2025-08-02 01:00:00,18154.948,0,-1.964,0,-1746.2439999999999,19903.155999999999,947.96400000000006,803.31700000000001,0,0,0.01,3.0000000000000001E-3,0,0,0,0,1209.7090000000001,0,0,19.401
2025-08-02 02:00:00,17851.420999999998,0,-1.972,0,-1849.6220000000001,19703.014999999999,947.97699999999998,798.88599999999997,0,0,5.0000000000000001E-3,3.0000000000000001E-3,0,0,0,0,1310.1379999999999,0,0,19.352
2025-08-02 03:00:00,17715.211000000003,0,-1.974,0,-1839.5309999999999,19556.716,945.47400000000005,805.20500000000004,0,0,0.019,3.0000000000000001E-3,0,0,0,0,1425.4739999999999,0,0,19.396000000000001
2025-08-02 04:00:00,18243.981,0,-1.9690000000000001,0,-1826.4559999999999,20072.405999999999,943.08100000000002,805.31500000000005,0,0,0.02,3.0000000000000001E-3,0,0,0,0,1440.355,0,0,19.414999999999999
2025-08-02 05:00:00,19039.324000000001,0,-1.9690000000000001,0,-1817.691,20858.984,947.63099999999997,767.822,0,0,144.08199999999999,3.0000000000000001E-3,-2.1000000000000001E-2,0,0,0,1469.8009999999999,0,0,19.405000000000001
2025-08-02 06:00:00,20355.407999999999,0,-1.9630000000000001,0,-1119.586,21476.956999999999,947.96600000000001,768.38499999999999,0,0,148.93000000000001,3.0000000000000001E-3,-2.359,0,0,0,1539.2159999999999,0.14199999999999999,0,19.343
2025-08-02 07:00:00,21485.224999999999,0,-1.968,0,-177.03700000000001,21664.23,947.90800000000002,819.84100000000001,0,0,149.12299999999999,24.003,565.37,0,0,0,1604.7270000000001,137.10900000000001,0,19.349
2025-08-02 08:00:00,21163.675999999996,0,-1.97,0,-11.116,21176.761999999999,947.70699999999999,807.18499999999995,0,0,149.41499999999999,240.00399999999999,1315.7539999999999,0,0,0,1640.3779999999999,953.94600000000003,2.9849999999999999,19.367999999999999
2025-08-02 09:00:00,20389.838,0,-1.954,0,-9.3390000000000004,20401.131000000001,945.21699999999998,780.66499999999996,0,0,151.09399999999999,461.95800000000003,1463.4559999999999,0,0,0,1380.6179999999999,1500.529,57.859999999999999,19.385999999999999
2025-08-02 10:00:00,19869.448,0,-1.9490000000000001,0,-14.228999999999999,19885.626,889.70600000000002,759.73699999999997,0,0,151.10900000000001,422.96699999999998,1014.047,0,0,0,1395.854,1655.2329999999999,146.61600000000001,19.457000000000001
2025-08-02 11:00:00,19540.190000000002,0,-1.9239999999999999,0,-33.195,19575.309000000001,885.59699999999998,733.36500000000001,0,0,151.11699999999999,149.756,151.613,0,0,0,1567.6569999999999,1720.136,237.86000000000001,19.542000000000002
2025-08-02 12:00:00,19052.855,0,-1.907,0,-500.625,19555.386999999999,884.56500000000005,768.03200000000004,0,0,150.114,4.0000000000000001E-3,-5.2000000000000002,0,0,0,1689.518,1742.6489999999999,261.69900000000001,19.565000000000001
2025-08-02 13:00:00,18349.23,0,-1.905,0,-844.28899999999999,19195.423999999999,900.03599999999994,774.83199999999999,0,0,149.91300000000001,4.0000000000000001E-3,-2.069,0,0,0,1689.1959999999999,1725.798,259.50700000000001,19.571000000000002
2025-08-02 14:00:00,18086.682000000001,0,-1.895,0,-1277.1949999999999,19365.772000000001,945.32600000000002,766.84199999999998,0,0,151.047,4.0000000000000001E-3,-2.734,0,0,0,1660.4159999999999,1649.069,285.04399999999998,19.004000000000001
2025-08-02 15:00:00,18693.381000000001,0,-1.8899999999999999,0,-1334.482,20029.753000000001,946.68299999999999,770.58100000000002,0,0,151.143,4.0000000000000001E-3,-1.399,0,0,0,1535.5050000000001,1469.0840000000001,348.59800000000001,19.151
2025-08-02 16:00:00,20748.968999999997,0,-1.8999999999999999,0,-497.96600000000001,21248.834999999999,946.91999999999996,787.49900000000002,0,0,151.06200000000001,26.004000000000001,12.263999999999999,0,0,0,1353.3309999999999,957.47400000000005,440.44099999999997,19.312000000000001
2025-08-02 17:00:00,21878.573000000004,0,-1.921,0,-14.725,21895.219000000001,946.11699999999996,775.10699999999997,0,0,148.90299999999999,419.58199999999999,976.18899999999996,0,89.400000000000006,0,1245.2360000000001,167.59399999999999,453.56099999999998,19.32
2025-08-02 18:00:00,21707.588,0,-1.946,0,0,21709.534,945.69399999999996,740.548,774.26700000000005,0,148.892,605.57299999999998,2203.7860000000001,0,357.60000000000002,0,1359.472,0.20999999999999999,412.13900000000001,19.373999999999999
2025-08-02 19:00:00,21386.379000000001,0,-1.948,0,-7.7969999999999997,21396.124,945.59299999999996,685.05499999999995,1382.7239999999999,0,148.93899999999999,475.971,1211.165,0,0,0,1654.904,0,346.726,19.212
2025-08-02 20:00:00,21473.123,0,-1.9510000000000001,0,-14.307,21489.381000000001,945.62699999999995,694.42200000000003,1047.9469999999999,0,148.94900000000001,128.00299999999999,177.59999999999999,0,0,0,1904.1690000000001,0,343.43099999999998,19.268000000000001
2025-08-02 21:00:00,21014.459000000003,0,-1.9399999999999999,0,-465.67899999999997,21482.078000000001,945.89800000000002,742.50300000000004,55.223999999999997,0,79.376999999999995,3.0000000000000001E-3,-6.8879999999999999,0,0,0,2104.0349999999999,0,271.91800000000001,19.245000000000001
2025-08-02 22:00:00,19407.394,0,-1.927,0,-1584.8420000000001,20994.163,945.73000000000002,748.08399999999995,0,0,3.4000000000000002E-2,3.0000000000000001E-3,-5.0880000000000001,0,0,0,2329.873,0,35.591000000000001,19.388999999999999
2025-08-02 23:00:00,17245.745999999999,0,-1.9279999999999999,0,-1847.3019999999999,19094.975999999999,945.95000000000005,785.27300000000002,0,0,5.3999999999999999E-2,3.0000000000000001E-3,0,0,0,0,2606.7460000000001,0,35.343000000000004,19.283000000000001
2025-08-03 00:00:00,16218.537,0,-1.931,0,-1858.7139999999999,18079.182000000001,945.779,639.75199999999995,0,0,0,3.0000000000000001E-3,0,0,0,0,2635.1999999999998,0,11.215,44.552
2025-08-03 01:00:00,15909.84,0,-1.9339999999999999,0,-1762.6569999999999,17674.431,946.00999999999999,576.726,0,0,7.3999999999999996E-2,3.0000000000000001E-3,-8.0000000000000002E-3,0,0,0,2273.018,0,0,44.676000000000002
2025-08-03 02:00:00,15521.847000000002,0,-1.9399999999999999,0,-1786.5740000000001,17310.361000000001,944.923,578.31200000000001,0,0,0.024,3.0000000000000001E-3,-1.1599999999999999,0,0,0,2298.2829999999999,0,0,44.829999999999998
2025-08-03 03:00:00,15529.562,0,-1.946,0,-1817.422,17348.93,945.971,594.45899999999995,0,0,0.01,3.0000000000000001E-3,0,0,0,0,2301.797,0,0,44.064999999999998
2025-08-03 04:00:00,15905.950000000003,0,-1.958,0,-1541.3320000000001,17449.240000000002,945.82899999999995,602.25099999999998,0,0,2.5000000000000001E-2,3.0000000000000001E-3,-0.031,0,0,0,2374.482,0,0,43.978000000000002
2025-08-03 05:00:00,15975.456000000002,0,-1.966,0,-1374.585,17352.007000000001,945.79700000000003,633.04399999999998,0,0,144.04300000000001,3.0000000000000001E-3,0,0,0,0,2686.1930000000002,0,0,43.140000000000001
2025-08-03 06:00:00,16792.139999999999,0,-1.964,0,-951.428,17745.531999999999,946.06700000000001,822.56600000000003,0,0,148.95699999999999,3.0000000000000001E-3,-3.5979999999999999,0,0,0,2795.165,0.34799999999999998,0,43.512
2025-08-03 07:00:00,18319.764999999999,0,-1.964,0,-15.023999999999999,18336.753000000001,946.07100000000003,864.87099999999998,0,0,149.113,3.0000000000000001E-3,892.51900000000001,0,0,0,2826.643,126.759,0,43.689
2025-08-03 08:00:00,19188.933000000001,0,-1.956,0,-23.736999999999998,19214.626,946.03300000000002,849.58600000000001,0,0,149.18000000000001,237.00399999999999,751.25999999999999,0,0,0,2760.4609999999998,814.12400000000002,1.169,44.442
2025-08-03 09:00:00,18570.999,0,-1.9279999999999999,0,-22.146000000000001,18595.073,945.89200000000005,862.34199999999998,0,0,149.28,500.64299999999997,593.29200000000003,0,0,0,2712.9450000000002,1303.0530000000001,68.245999999999995,44.680999999999997
2025-08-03 10:00:00,17874.790999999997,0,-1.897,0,-18.789999999999999,17895.477999999999,945.99000000000001,853.39700000000005,0,0,149.88999999999999,422.64600000000002,232.46600000000001,0,0,0,2801.2020000000002,1494.952,120.41,44.804000000000002
2025-08-03 11:00:00,17411.563999999998,0,-1.883,0,-76.334999999999994,17489.781999999999,945.88599999999997,833.35599999999999,0,0,149.678,213.24199999999999,-1.1060000000000001,0,0,0,2834.549,1538.0050000000001,154.84800000000001,44.801000000000002
2025-08-03 12:00:00,17072.110000000001,0,-1.8640000000000001,0,-438.38400000000001,17512.358,946.26099999999997,849.10599999999999,0,0,149.976,2.23,-2.3340000000000001,0,0,0,2768.0900000000001,1535.4559999999999,177.80000000000001,44.774000000000001
2025-08-03 13:00:00,16934.074000000001,0,-1.8720000000000001,0,-496.452,17432.398000000001,946.14400000000001,854.59199999999998,0,0,149.68799999999999,4.0000000000000001E-3,-2.8959999999999999,0,0,0,2705.875,1515.0730000000001,168.286,44.837000000000003
2025-08-03 14:00:00,16789.745999999999,0,-1.857,0,-1012.856,17804.458999999999,946.23199999999997,867.09699999999998,0,0,149.52099999999999,4.0000000000000001E-3,-1.9039999999999999,0,0,0,2771.4589999999998,1454.655,128.05699999999999,44.783999999999999
2025-08-03 15:00:00,17797.381000000001,0,-1.8680000000000001,0,-127.432,17926.681,945.79700000000003,867.18899999999996,0,0,149.16999999999999,4.0000000000000001E-3,51.749000000000002,0,0,0,2662.4360000000001,1127.1189999999999,112.89400000000001,45.216000000000001
2025-08-03 16:00:00,18728.952000000001,0,-1.8700000000000001,0,-18.702999999999999,18749.525000000001,945.86900000000003,861.18100000000004,0,0,149.12700000000001,18.004000000000001,686.15499999999997,0,0,0,2618.078,738.72500000000002,198.05600000000001,44.979999999999997
2025-08-03 17:00:00,20346.589,0,-1.8779999999999999,0,-7.298,20355.764999999999,945.79999999999995,826.84500000000003,0,0,148.852,338.45100000000002,1413.702,0,0,0,2533.5819999999999,121.842,303.42000000000002,45.204000000000001
2025-08-03 18:00:00,21497.134000000002,0,-1.903,0,-1.851,21500.887999999999,945.83799999999997,779.48900000000003,174.84,0,148.90899999999999,604.56899999999996,1930.3320000000001,0,230.94999999999999,0,2546.3939999999998,7.0999999999999994E-2,280.88799999999998,45.017000000000003
2025-08-03 19:00:00,21164.560000000001,0,-1.8959999999999999,0,-9.1920000000000002,21175.648000000001,945.53800000000001,725.38900000000001,215.95400000000001,0,148.94499999999999,503.392,1089.163,0,216.05000000000001,0,2741.221,0,252.57599999999999,44.996000000000002
2025-08-03 20:00:00,20423.634999999998,0,-1.8819999999999999,0,-9.7810000000000006,20435.297999999999,945.846,705.577,0,0,148.94300000000001,114.003,1283.9000000000001,0,0,0,2675.1439999999998,0,237.99600000000001,45.137
2025-08-03 21:00:00,19447.368000000002,0,-1.8720000000000001,0,-39.158999999999999,19488.399000000001,945.69899999999996,771.64999999999998,0,0,79.405000000000001,3.0000000000000001E-3,668.05799999999999,0,0,0,2664.4479999999999,0,37.789999999999999,45.106999999999999
2025-08-03 22:00:00,17982.088,0,-1.871,0,-803.09699999999998,18787.056,945.89999999999998,802.03800000000001,0,0,5.8000000000000003E-2,3.0000000000000001E-3,-15.922000000000001,0,0,0,2721.6179999999999,0,0,44.909999999999997
2025-08-03 23:00:00,16162.873,0,-1.8660000000000001,0,-1790.732,17955.471000000001,945.86199999999997,799.96799999999996,0,0,1.4999999999999999E-2,3.0000000000000001E-3,-1.107,0,0,0,2811.4549999999999,0,0,44.755000000000003
2025-08-04 00:00:00,16173.35,0,-1.871,0,-1837.1890000000001,18012.41,945.91499999999996,617.23599999999999,0,0,0.01,3.0000000000000001E-3,0,0,0,0,2264.2289999999998,0,0,45.073999999999998
2025-08-04 01:00:00,16113.069,0,-1.8919999999999999,0,-1861.5519999999999,17976.512999999999,945.85000000000002,620.41800000000001,0,0,2.9000000000000001E-2,4.0000000000000001E-3,0,0,0,0,2017.796,0,0,44.783000000000001
2025-08-04 02:00:00,16224.735000000001,-0.53300000000000003,-1.889,0,-1832.3230000000001,18059.48,946.09699999999998,620.47400000000005,0,0,8.2000000000000003E-2,3.0000000000000001E-3,0,0,0,0,1714.2360000000001,0,0,44.578000000000003
2025-08-04 03:00:00,16514.263999999999,0,-1.8799999999999999,0,-1683.5139999999999,18199.657999999999,946.24300000000005,632.005,0,0,8.5999999999999993E-2,4.0000000000000001E-3,-0.001,0,0,0,1792.242,0,0,44.862000000000002
2025-08-04 04:00:00,17309.201999999997,0,-1.8799999999999999,0,-1022.554,18333.635999999999,946.09199999999998,865.01800000000003,0,0,0.115,6.0039999999999996,-5.0670000000000002,0,0,0,2767.8919999999998,0,0,44.667999999999999
2025-08-04 05:00:00,20059.268,0,-1.8640000000000001,0,-153.69399999999999,20214.826000000001,946.26400000000001,810.93299999999999,0,0,144.02799999999999,228.00399999999999,156.39500000000001,0,0,0,2870.0219999999999,0,0,44.939
2025-08-04 06:00:00,21167.892,0,-1.871,0,-22.251000000000001,21192.013999999999,946.09400000000005,773.41700000000003,0,0,148.93899999999999,243.00399999999999,606.11699999999996,0,0,0,2831.0169999999998,0.376,0,44.857999999999997
2025-08-04 07:00:00,20375.404000000002,0,-1.8720000000000001,0,-14.946999999999999,20392.223000000002,946.38900000000001,776.17100000000005,0,0,146.21299999999999,290.59800000000001,1125.5309999999999,0,0,0,2681.7420000000002,150.51400000000001,0,45.081000000000003
2025-08-04 08:00:00,19885.628000000001,0,-1.859,0,-15.300000000000001,19902.787,946.37,776.42200000000003,0,0,146.98099999999999,266.13200000000001,1130.3920000000001,0,0,0,2662.8240000000001,935.50199999999995,0.35299999999999998,45.170000000000002
2025-08-04 09:00:00,19388.189000000002,0,-1.849,0,-20.251999999999999,19410.290000000001,946.26800000000003,735.66499999999996,0,0,149.81299999999999,175.78999999999999,868.77599999999995,0,0,0,2576.7249999999999,1429.491,49.811999999999998,44.524999999999999
2025-08-04 10:00:00,18794.338,0,-1.8360000000000001,0,-23.838000000000001,18820.011999999999,945.60699999999997,730.83299999999997,0,0,149.36199999999999,11.228999999999999,538.24599999999998,0,0,0,2651.1869999999999,1586.153,139.52600000000001,43.311
2025-08-04 11:00:00,18533.267,0,-1.825,0,-83.933999999999997,18619.026000000002,946.11800000000005,733.601,0,0,149.803,4.0000000000000001E-3,151.61000000000001,0,0,0,2642.337,1644.259,163.63900000000001,44.517000000000003
2025-08-04 12:00:00,18133.547999999999,0,-1.8149999999999999,0,-698.88099999999997,18834.243999999999,946.303,743.01800000000003,0,0,149.59200000000001,4.0000000000000001E-3,-4.7400000000000002,0,0,0,2545.6799999999998,1679.211,163.53,44.805999999999997
2025-08-04 13:00:00,17856.662,0,-1.8100000000000001,0,-1072.028,18930.5,946.42399999999998,752.38099999999997,0,0,149.53399999999999,4.0000000000000001E-3,-2.4199999999999999,0,0,0,2666.6579999999999,1644.1890000000001,180.69499999999999,44.738999999999997
2025-08-04 14:00:00,18056.934999999998,0,-1.8149999999999999,0,-795.75900000000001,18854.508999999998,946.47299999999996,756.20600000000002,0,0,149.386,4.0000000000000001E-3,-5.6600000000000001,0,0,0,2733.1010000000001,1555.441,186.00299999999999,44.713000000000001
2025-08-04 15:00:00,18993.035,0,-1.849,0,-99.358999999999995,19094.242999999999,946.25699999999995,782.11400000000003,0,0,149.93000000000001,4.0000000000000001E-3,193.053,0,0,0,2769.0120000000002,1353.9580000000001,261.435,44.773000000000003
2025-08-04 16:00:00,20001.839,0,-1.837,0,-11.613,20015.289000000001,946.32100000000003,798.28499999999997,0,0,150.00399999999999,38.003999999999998,916.54899999999998,0,0,0,2646.502,858.947,357.33300000000003,44.594999999999999
2025-08-04 17:00:00,21826.936999999998,0,-1.8420000000000001,0,-9.6850000000000005,21838.464,946.529,779.67399999999998,10.031000000000001,0,148.74700000000001,266.48200000000003,1498.8299999999999,27,0,0,2192.6469999999999,145.80099999999999,353.77199999999999,45.386000000000003
2025-08-04 18:00:00,22933.668000000001,0,-1.8540000000000001,0,0,22935.522000000001,946.07500000000005,739.66999999999996,520.678,0,148.90600000000001,602.48199999999997,2067.386,13.5,312.89999999999998,0,2055.0129999999999,5.2999999999999999E-2,334.14100000000002,45.890000000000001
2025-08-04 19:00:00,22576.689999999999,0,-1.8799999999999999,0,0,22578.57,946.10799999999995,685.87300000000005,115.721,0,148.958,525.06100000000004,1786.0309999999999,0,134.09999999999999,0,2114.498,0,332.87400000000002,45.411999999999999
2025-08-04 20:00:00,21587.217000000001,0,-1.8759999999999999,0,-1.0509999999999999,21590.144,946.30499999999995,686.678,0,0,148.94800000000001,227.00299999999999,1741.4359999999999,0,0,0,2346.076,0,282.52499999999998,45.664000000000001
2025-08-04 21:00:00,20065.692999999999,0,-1.8700000000000001,0,-10.127000000000001,20077.689999999999,946.28200000000004,761.44799999999998,0,0,79.430999999999997,52.003,1327.242,0,0,0,2389.549,0,216.185,45.649999999999999
2025-08-04 22:00:00,19344.416000000001,0,-1.8700000000000001,0,-217.14400000000001,19563.43,946.54499999999996,772.34900000000005,0,0,4.8000000000000001E-2,3.0000000000000001E-3,290.447,0,0,0,2291.8389999999999,0,0.29499999999999998,45.106999999999999
2025-08-04 23:00:00,18068.595000000001,0,-1.869,0,-989.87400000000002,19060.338,946.63900000000001,799.226,0,0,0.01,3.0000000000000001E-3,-1.175,0,0,0,2264.0259999999998,0,0,44.798999999999999
2025-08-05 00:00:00,17415.828000000001,0,-1.873,0,-1314.796,18732.496999999999,946.55700000000002,805.245,0,0,3.4000000000000002E-2,4.0000000000000001E-3,-4.0839999999999996,0,0,0,2278.8470000000002,0,0,44.728000000000002
2025-08-05 01:00:00,16824.445,0,-1.8720000000000001,0,-1846.0060000000001,18672.323,946.59900000000005,804.78599999999994,0,0,0.039,4.0000000000000001E-3,0,0,0,0,2116.9380000000001,0,0,44.820999999999998
2025-08-05 02:00:00,16708.853999999999,-0.53300000000000003,-1.861,0,-1836.904,18548.151999999998,946.86900000000003,819.34799999999996,0,0,4.4999999999999998E-2,4.0000000000000001E-3,0,0,0,0,2101.7429999999999,0,0,44.609999999999999
2025-08-05 03:00:00,17300.437999999998,0,-1.859,0,-1834.2190000000001,19136.516,946.86900000000003,823.12800000000004,0,0,0.01,4.0000000000000001E-3,0,0,0,0,1952.8320000000001,0,0,44.375
2025-08-05 04:00:00,19334.042000000001,0,-1.853,0,-1399.586,20735.481,946.82100000000003,842.16300000000001,0,0,8.2000000000000003E-2,14.004,-13.637,0,0,0,1901.595,0,0,44.832000000000001
2025-08-05 05:00:00,22021.466,0,-1.8660000000000001,0,-384.512,22407.844000000001,946.95899999999995,795.97199999999998,0,0,144.03800000000001,222.00399999999999,180.14500000000001,0,0,0,1883.1600000000001,0,0,45.085999999999999
2025-08-05 06:00:00,22713.679,0,-1.907,0,-16.864000000000001,22732.450000000001,946.70100000000002,768.96000000000004,0,0,148.92400000000001,243.00399999999999,878.28099999999995,0,0,0,1885.0609999999999,5.0149999999999997,0,45.463000000000001
2025-08-05 07:00:00,21600.272999999997,0,-1.919,0,-19.414999999999999,21621.607,946.80100000000004,808.67100000000005,0,0,125.511,465.30500000000001,944.52599999999995,0,0,0,1920.922,169.535,0,45.552
2025-08-05 08:00:00,21081.314000000002,0,-1.909,0,-15.103999999999999,21098.327000000001,946.46799999999996,759.95799999999997,0,0,90.034000000000006,269.78399999999999,1158.308,0,0,0,1723.865,775.88099999999997,0.016,45.534999999999997
2025-08-05 09:00:00,20427.258000000002,0,-1.897,0,-14.295999999999999,20443.451000000001,945.96199999999999,706.72299999999996,0,0,131.28899999999999,43.164000000000001,1005.217,0,0,0,1754.212,1245.597,17.884,46.100999999999999
2025-08-05 10:00:00,19787.171999999999,0,-1.8919999999999999,0,-14.241,19803.305,946.86599999999999,692.89999999999998,0,0,110.69199999999999,4.0000000000000001E-3,466.86099999999999,0,0,0,1750.8900000000001,1425.8140000000001,48.838000000000001,45.548999999999999
2025-08-05 11:00:00,19290.795000000002,0,-1.8899999999999999,0,-15.85,19308.535,946.73900000000003,640.45100000000002,0,0,136.589,4.0000000000000001E-3,419.84199999999998,0,0,0,1543.2260000000001,1505.8230000000001,49.353999999999999,45.348999999999997
2025-08-05 12:00:00,19094.620000000003,0,-1.889,0,-388.83499999999998,19485.344000000001,946.65300000000002,687.75599999999997,0,0,148.96799999999999,4.0000000000000001E-3,4.8230000000000004,0,0,0,1478.346,1530.415,76.019999999999996,45.279000000000003
2025-08-05 13:00:00,18891.501999999997,0,-1.877,0,-890.91700000000003,19784.295999999998,946.57399999999996,721.05999999999995,0,0,148.96799999999999,4.0000000000000001E-3,-1.329,2.6669999999999998,0,0,1550.4059999999999,1409.3199999999999,40.276000000000003,45.247999999999998
2025-08-05 14:00:00,19146.596999999998,0,-1.8720000000000001,0,-1010.5940000000001,20159.062999999998,946.38400000000001,717.29600000000005,0,0,148.78999999999999,4.0000000000000001E-3,-1.6830000000000001,8,0,0,1745.616,1297.954,29.646000000000001,45.104999999999997
2025-08-05 15:00:00,20376.738000000001,0,-1.879,0,-564.62099999999998,20943.238000000001,946.50599999999997,727.49199999999996,15.683,0,148.84200000000001,4.0000000000000001E-3,-4.0979999999999999,5.3330000000000002,0,0,1789.7449999999999,1016.942,72.731999999999999,45.061
2025-08-05 16:00:00,22199.346000000001,0,-1.889,0,-94.353999999999999,22295.589,946.49400000000003,781.01400000000001,0,0,126.039,34.003999999999998,181.98699999999999,0,0,0,1789.645,530.50199999999995,152.75800000000001,45.084000000000003
2025-08-05 17:00:00,22819.412,0,-1.895,0,-11.339,22832.646000000001,946.57100000000003,758.65999999999997,17.454000000000001,0,8.0310000000000006,520.596,980.82600000000002,27,0,0,1836.0060000000001,76.703000000000003,147.91,45.402000000000001
2025-08-05 18:00:00,22470.259999999998,0,-1.897,0,0,22472.156999999999,946.66300000000001,764.41200000000003,1038.9939999999999,0,5.0000000000000001E-3,608.50800000000004,2061.828,13.5,424.64999999999998,0,1912.9459999999999,0.14199999999999999,149.16999999999999,45.347000000000001
2025-08-05 19:00:00,22207.763999999999,0,-1.9059999999999999,0,-1.5740000000000001,22211.243999999999,946.43399999999997,674.81399999999996,1463.4449999999999,0,0.187,318.73399999999998,1703.434,0,22.350000000000001,0,1961.1320000000001,0,150.33600000000001,45.921999999999997
2025-08-05 20:00:00,22172.012000000002,0,-1.9410000000000001,0,-4.9649999999999999,22178.918000000001,946.45699999999999,669.59699999999998,845.55700000000002,0,8.2000000000000003E-2,206.00299999999999,1475.914,0,0,0,1984.595,0,150.44,46.125999999999998
2025-08-05 21:00:00,22019.683999999997,0,-1.9179999999999999,0,-90.481999999999999,22112.083999999999,946.52999999999997,744.56500000000005,0,0,0,3.0000000000000001E-3,593.702,0,0,0,1818.7760000000001,0,133.161,45.531999999999996
2025-08-05 22:00:00,20417.322,0,-1.917,0,-961.50999999999999,21380.749,946.84000000000003,760.95899999999995,0,0,0,3.0000000000000001E-3,-1.536,0,0,0,1688.8710000000001,0,4.2999999999999997E-2,45.390000000000001
2025-08-05 23:00:00,18550.046999999999,0,-1.9099999999999999,0,-1222.643,19774.599999999999,947.24800000000005,778.53300000000002,0,0,0,3.0000000000000001E-3,-3.1200000000000001,0,0,0,1744.2159999999999,0,0,45.659999999999997
2025-08-06 00:00:00,17388.728000000003,0,-1.929,0,-1464.117,18854.774000000001,947.14200000000005,788.49000000000001,0,0,0,3.0000000000000001E-3,-1.367,0,0,0,1880.7429999999999,0,0,44.765999999999998
2025-08-06 01:00:00,16945.900000000001,0,-1.9319999999999999,0,-1618.3889999999999,18566.221000000001,946.72199999999998,793.69399999999996,0,0,0,3.0000000000000001E-3,-0.20000000000000001,0,0,0,1870.5709999999999,0,0,44.817999999999998
2025-08-06 02:00:00,16924.990999999998,0,-1.9330000000000001,0,-1610.7819999999999,18537.705999999998,946.83900000000006,801.48699999999997,0,0,0,3.0000000000000001E-3,-0.20100000000000001,0,0,0,1749.6489999999999,0,0,44.616
2025-08-06 03:00:00,17511.459999999999,0,-1.931,0,-1606.8889999999999,19120.279999999999,946.99300000000005,811.38999999999999,0,0,0,0.002,-0.193,0,0,0,1746.2180000000001,0,0,44.466999999999999
2025-08-06 04:00:00,19401.532999999999,0,-1.923,0,-1463.6310000000001,20867.087,947.05799999999999,826.37400000000002,0,0,0,4.0019999999999998,-0.82099999999999995,0,0,0,1682.05,0,30,44.996000000000002
2025-08-06 05:00:00,22090.964,0,-1.9470000000000001,0,-488.82900000000001,22581.740000000002,947.09000000000003,774.12699999999995,0,0,0,218.00200000000001,260.55599999999998,0,0,0,1615.616,0.23999999999999999,61.5,44.978000000000002
2025-08-06 06:00:00,22749.491999999998,0,-1.9530000000000001,0,-11.101000000000001,22762.545999999998,946.78399999999999,770.87099999999998,0,0,0,243.00299999999999,1239.0119999999999,0,0,0,1550.607,11.193,59.399999999999999,45.432000000000002
2025-08-06 07:00:00,22314.129999999997,0,-1.952,0,-12.182,22328.263999999999,946.71100000000001,822.577,0,0,23.856000000000002,464.45600000000002,1332.6500000000001,0,0,0,1299.2760000000001,113.90900000000001,63.600000000000001,45.508000000000003
2025-08-06 08:00:00,22658.269,0,-1.946,0,-12.266999999999999,22672.482,946.73199999999997,793.06399999999996,0,0,147.36099999999999,275.08600000000001,1321.5360000000001,0,0,0,1087.5630000000001,600.22500000000002,60.012999999999998,44.488999999999997
2025-08-06 09:00:00,23166.299999999999,0,-1.946,0,-10.121,23178.366999999998,946.74400000000003,745.14599999999996,0,0,151.09899999999999,37.911999999999999,557.68100000000004,0,0,0,1110.95,926.26199999999994,75.787000000000006,46.128999999999998
2025-08-06 10:00:00,22380.25,0,-1.9390000000000001,0,-13.436999999999999,22395.626,946.74199999999996,694.048,0,0,151.113,3.0000000000000001E-3,238.95500000000001,0,0,0,1217.0540000000001,1207.1099999999999,166.59,45.561999999999998
2025-08-06 11:00:00,22106.294000000002,0,-1.925,0,-285.358,22393.577000000001,946.86199999999997,698.28800000000001,0,0,151.10400000000001,3.0000000000000001E-3,-2.6600000000000001,0,0,0,1276.6369999999999,1303.3979999999999,186.09,45.354999999999997
2025-08-06 12:00:00,22057.413,0,-1.923,0,-899.12400000000002,22958.459999999999,946.78499999999997,721.66200000000003,0,0,151.10400000000001,4.0000000000000001E-3,-4.9279999999999999,0,0,0,1222.1610000000001,1308.875,237.36799999999999,45.311
2025-08-06 13:00:00,22230.680999999997,0,-1.9159999999999999,0,-997.25699999999995,23229.853999999999,946.58900000000006,731.5,0,0,151.10900000000001,4.0000000000000001E-3,-4.1619999999999999,0,0,0,1228.058,1228.3889999999999,220.91300000000001,45.279000000000003
2025-08-06 14:00:00,22642.449999999997,0,-1.9339999999999999,0,-74.079999999999998,22718.464,946.31700000000001,717.71100000000001,0,0,151.19499999999999,4.0000000000000001E-3,210.255,0,0,0,1263.921,1103.547,224.78800000000001,45.127000000000002
2025-08-06 15:00:00,23150.934000000001,0,-1.9259999999999999,0,-13.406000000000001,23166.266,946.39599999999996,780.024,0,0,194.726,4.0000000000000001E-3,705.56299999999999,0,0,0,1271.461,990.90200000000004,312.37400000000002,45.055
2025-08-06 16:00:00,23362.866999999998,0,-1.9279999999999999,0,-9.6500000000000004,23374.445,946.24199999999996,784.68499999999995,0,0,703.85599999999999,202.00399999999999,998.48800000000006,0,0,0,1166.0540000000001,713.59000000000003,434.08499999999998,44.329000000000001
2025-08-06 17:00:00,23084.467999999997,0,-1.9319999999999999,0,-9.0969999999999995,23095.496999999999,946.30100000000004,780.35299999999995,434.51999999999998,0,1133.1679999999999,481.75799999999998,1454.2049999999999,27,216.05000000000001,0,1007.8339999999999,161.71299999999999,447.089,45.250999999999998
2025-08-06 18:00:00,23053.329999999998,0,-1.946,0,-3.1110000000000002,23058.386999999999,946.04300000000001,742.14800000000002,1464.1980000000001,0,1146.6669999999999,603.822,1902.0809999999999,27,230.94999999999999,0,1000.264,0.27700000000000002,382.69400000000002,45.286000000000001
2025-08-06 19:00:00,22696.328000000001,0,-1.9630000000000001,0,-7.5720000000000001,22705.863000000001,946.16700000000003,693.93600000000004,1174.742,0,1147.8630000000001,538.06799999999998,1484.933,13.5,0,0,1114.905,0,363.70800000000003,45.755000000000003
2025-08-06 20:00:00,22851.732,0,-1.9430000000000001,0,-9.6210000000000004,22863.295999999998,946.13400000000001,709.78599999999994,228.37799999999999,0,1108.9649999999999,160.00299999999999,1325.8340000000001,0,0,0,1140.7529999999999,0,301.995,45.869
2025-08-06 21:00:00,22424.800000000003,0,-1.9399999999999999,0,-26.192,22452.932000000001,946.22000000000003,762.95699999999999,0,0,178.49299999999999,3.0000000000000001E-3,857.84000000000003,0,0,0,1126.181,0,156.21000000000001,45.5
2025-08-06 22:00:00,21221.865999999998,0,-1.9370000000000001,0,-898.21299999999997,22122.016,946.51300000000003,776.125,0,0,5.8000000000000003E-2,3.0000000000000001E-3,0.77700000000000002,0,0,0,1114.105,0,2.1000000000000001E-2,45.320999999999998
2025-08-06 23:00:00,19635.635000000002,0,-1.944,0,-1340.5719999999999,20978.151000000002,946.68499999999995,797.35500000000002,0,0,8.5999999999999993E-2,3.0000000000000001E-3,-2.9470000000000001,0,0,0,1032.1500000000001,0,0,45.387
