Date_Time_Hour_Beginning,Thermal_Gen_Excl_Pumping_and_SCO,Eskom_OCGT_SCO_Pumping,Eskom_Gas_SCO_Pumping,Hydro_Water_SCO_Pumping,Pumped_Water_SCO_Pumping,Thermal_Generation,Nuclear_Generation,International_Imports,Eskom_OCGT_Generation,Eskom_Gas_Generation,Dispatchable_IPP_OCGT,Hydro_Water_Generation,Pumped_Water_Generation,IOS_Excl_ILS_and_MLR,ILS_Usage,Manual_Load_Reduction_MLR,Wind,PV,CSP,Other_RE
2026-06-24 00:00:00,17759.192000000003,-1.6799999999999999,-1.405,0,-1414.902,19177.179,651.49099999999999,1142.4749999999999,0,0,0.34599999999999997,240.00299999999999,0,0,0,0,601.89099999999996,0,0,47.173999999999999
2026-06-24 01:00:00,16896.090999999997,-1.6659999999999999,-1.3939999999999999,0,-1875.8800000000001,18775.030999999999,651.43100000000004,1169.954,0,0.001,0.504,240.00299999999999,0,0,0,0,789.78499999999997,0,0,46.343000000000004
2026-06-24 02:00:00,16543.399000000001,-2.7330000000000001,-1.373,0,-2023.01,18570.514999999999,651.221,1188.1489999999999,0,0.002,0.497,240.00299999999999,0,0,0,0,883.71699999999998,0,0,46.642000000000003
2026-06-24 03:00:00,16881.727999999999,-1.6659999999999999,-1.343,0,-2016.9400000000001,18901.677,651.43299999999999,1184.55,0,3.0000000000000001E-3,0.50700000000000001,240.00299999999999,0,0,0,0,853.61900000000003,0,0,46.837000000000003
2026-06-24 04:00:00,18413.054,-1.653,-1.3080000000000001,0,-1794.5119999999999,20210.526999999998,651.63499999999999,1143.384,0,0,0.499,238.00299999999999,0,0,0,0,790.697,0,0,46.412999999999997
2026-06-24 05:00:00,20909.244999999999,-1.6799999999999999,-1.3779999999999999,0,-687.89200000000005,21600.195,651.36000000000001,1057.7550000000001,0,0,13.781000000000001,240.00299999999999,-0.56100000000000005,0,0,0,599.88699999999994,0,0,46.786999999999999
2026-06-24 06:00:00,21997.112000000001,-1.653,-1.429,0,-169.57900000000001,22169.773000000001,651.32799999999997,1045.5509999999999,0,0,13.933999999999999,243.00299999999999,87,0,0,0,586.90200000000004,2.2770000000000001,0,46.988999999999997
2026-06-24 07:00:00,22260.420999999998,-1.6659999999999999,-1.4339999999999999,0,-16.475999999999999,22279.996999999999,651.31200000000001,1058.3050000000001,0,0,10.689,559.75900000000001,540.37800000000004,0,0,0,500.80099999999999,89.125,0.01,46.996000000000002
2026-06-24 08:00:00,21796.898999999998,-2.133,-1.4370000000000001,0,-7.0330000000000004,21807.502,651.10599999999999,1027.528,0,0,101.36199999999999,601.55499999999995,1056.866,0,0,0,499.07299999999998,665.93700000000001,2.532,46.740000000000002
2026-06-24 09:00:00,20642.401000000002,-1.6659999999999999,-1.425,0,-4.8719999999999999,20650.364000000001,651.20000000000005,1011.513,0,0,160.91999999999999,600.78499999999997,985.25199999999995,0,0,0,441.36900000000003,1194.037,19.960000000000001,47.165999999999997
2026-06-24 10:00:00,19733.834999999999,-1.6659999999999999,-1.431,0,-4.9260000000000002,19741.858,651.13900000000001,998.096,0,0,149.863,600.27499999999998,710.154,0,0,0,434.09100000000001,1444.9649999999999,51.845999999999997,46.878999999999998
2026-06-24 11:00:00,19233.976000000002,-1.653,-1.427,0,-10.781000000000001,19247.837,651.029,988.86900000000003,0,0,149.55799999999999,507.988,207.72499999999999,0,0,0,535.61699999999996,1599.8979999999999,99.707999999999998,46.345999999999997
2026-06-24 12:00:00,18956.07,-1.6659999999999999,-1.423,0,-124.613,19083.772000000001,651.01700000000005,1000.855,0,0,149.18799999999999,422.315,-1.4059999999999999,0,0,0,542.74099999999999,1673.365,86.234999999999999,46.040999999999997
2026-06-24 13:00:00,18860.610000000001,-1.653,-1.3879999999999999,0,-315.05599999999998,19178.706999999999,651.72799999999995,1004.956,0,0,149.101,419.08600000000001,-0.82499999999999996,0,0,0,596.62900000000002,1639.8099999999999,103.92100000000001,46.32
2026-06-24 14:00:00,18899.978999999999,-1.653,-1.415,0,-450.59100000000001,19353.637999999999,654.19100000000003,1002.2670000000001,0,0,149.54900000000001,418.56200000000001,-0.748,0,0,0,735.08799999999997,1621.0239999999999,151.95699999999999,46.497999999999998
2026-06-24 15:00:00,19803.253000000001,-1.6399999999999999,-1.4079999999999999,0,-446.28399999999999,20252.584999999999,654.12800000000004,1011.773,0,0,154.48400000000001,420.53500000000003,0,0,0,0,832.54200000000003,1289.75,233.566,46.299999999999997
2026-06-24 16:00:00,21528.030999999999,-1.6399999999999999,-1.4179999999999999,0,-111.962,21643.050999999999,650.86800000000005,999.52999999999997,0,0,165.77699999999999,506.88299999999998,450.98899999999998,0,0,0,1090.2719999999999,587.06299999999999,225.392,46.668999999999997
2026-06-24 17:00:00,22574.094000000005,-1.6399999999999999,-1.4410000000000001,0,-7.4560000000000004,22584.631000000001,650.80499999999995,989.87199999999996,45.253,0,166.37799999999999,591.73599999999999,1387.046,56,0,0,1460.3789999999999,50.256999999999998,199.071,47.167999999999999
2026-06-24 18:00:00,22834.244999999999,-1.6659999999999999,-1.47,0,-4.8529999999999998,22842.234,650.60799999999995,986.952,391.16000000000003,0,163.06100000000001,599.39599999999996,1676.135,56,0,0,1822.425,1.052,167.82599999999999,46.732999999999997
2026-06-24 19:00:00,22105.297999999999,-1.6659999999999999,-1.4670000000000001,0,-4.7169999999999996,22113.148000000001,650.58399999999995,973.88999999999999,26.353000000000002,0,160.184,593.89200000000005,1592.6010000000001,0,0,0,1854.5640000000001,0,114.22799999999999,46.688000000000002
2026-06-24 20:00:00,21054.052,-1.653,-1.452,0,-5.8230000000000004,21062.98,650.98699999999997,978.63599999999997,0,0,157.297,290.81900000000002,1550.0820000000001,0,0,0,1841.0170000000001,0,94.867000000000004,46.424999999999997
2026-06-30 15:00:00,,,,,,,,,,,,,,,,,,,,
2026-06-30 16:00:00,,,,,,,,,,,,,,,,,,,,
2026-06-30 17:00:00,,,,,,,,,,,,,,,,,,,,
2026-06-24 21:00:00,19767.646000000001,-1.6659999999999999,-1.444,0,-85.247,19856.003000000001,650.73599999999999,995.44100000000003,0,0,79.150999999999996,240.00299999999999,475.23500000000001,0,0,0,2057.1550000000002,0,76.5,46.454000000000001
2026-06-24 22:00:00,18630.256999999998,-1.6659999999999999,-1.403,0,-983.93700000000001,19617.262999999999,651.00599999999997,996.14400000000001,0,0,0.56699999999999995,240.00299999999999,-0.57799999999999996,0,0,0,2105.8380000000002,0,7.0000000000000001E-3,46.805999999999997
2026-06-24 23:00:00,17424.016,-1.6659999999999999,-1.353,0,-1982.8620000000001,19409.897000000001,650.93799999999999,998.71900000000005,0,0.001,1.3819999999999999,240.00299999999999,0,0,0,0,1968.635,0,0,46.767000000000003
2026-06-25 00:00:00,17361.380999999998,-1.6659999999999999,-1.325,0,-2040.575,19404.947,651.08000000000004,922.01099999999997,0,0,0.48199999999999998,240.00200000000001,0,0,0,0,1172.5350000000001,0,0,46.625
2026-06-25 01:00:00,16985.759999999998,-1.6799999999999999,-1.377,0,-2069.0050000000001,19057.822,650.75199999999995,931.29399999999998,0,0.001,0.53900000000000003,240.00299999999999,0,0,0,0,1009.681,0,0,46.573999999999998
2026-06-25 02:00:00,16853.326999999997,-3.1989999999999998,-1.3460000000000001,0,-2052.5619999999999,18910.434000000001,650.77999999999997,922.57399999999996,0,0.002,0.51700000000000002,240.00299999999999,0,0,0,0,1088.223,0,0,46.648000000000003
2026-06-25 03:00:00,17290.675999999999,-1.6659999999999999,-1.3129999999999999,0,-2047.856,19341.510999999999,650.73299999999995,929.71000000000004,0,0.002,0.49099999999999999,238.00299999999999,0,0,0,0,1412.0809999999999,0,0,46.616999999999997
2026-06-25 04:00:00,18373.667000000001,-2.5990000000000002,-1.3069999999999999,0,-1773.787,20151.360000000001,651.04300000000001,914.03599999999994,0,0.001,0.77000000000000002,240.00299999999999,0,0,0,0,1694.2249999999999,0,0,46.686
2026-06-25 05:00:00,19806.204000000005,-1.653,-1.3839999999999999,0,-692.01099999999997,20501.252,651.11800000000005,863.11199999999997,0,0,41.518999999999998,243.00299999999999,-3.5000000000000003E-2,0,0,0,2083.828,0,0,46.548000000000002
2026-06-25 06:00:00,20395.797999999999,-1.6659999999999999,-1.4119999999999999,0,-20.561,20419.437000000002,651.21699999999998,832.56200000000001,0,0,32.109000000000002,243.00299999999999,191.42099999999999,0,0,0,1909.6890000000001,1.024,0,46.686999999999998
2026-06-25 07:00:00,20510.051999999996,-1.6659999999999999,-1.417,0,-13.504,20526.638999999999,651.20899999999995,814.99000000000001,0,0,32.850000000000001,566.49699999999996,990.09299999999996,0,0,0,1625.6489999999999,55.656999999999996,0,46.978000000000002
2026-06-25 08:00:00,20901.819,-1.653,-1.4319999999999999,0,-4.9370000000000003,20909.841,651.04600000000005,823.35599999999999,0,0,34.622999999999998,599.83699999999999,1279.9179999999999,0,0,0,1502.7180000000001,397.17899999999997,0,47.097999999999999
2026-06-25 09:00:00,20095.68,-1.6659999999999999,-1.4430000000000001,0,-5.0359999999999996,20103.825000000001,651.16399999999999,817.01800000000003,0,0,130.63200000000001,603.40099999999995,1188.443,0,0,0,1519.6310000000001,740.66300000000001,0.13,47.921999999999997
2026-06-25 10:00:00,19444.062000000005,-1.653,-1.4259999999999999,0,-5.2960000000000003,19452.437000000002,651.09900000000005,798.65999999999997,0,0,149.678,597.54499999999996,728.87599999999998,0,0,0,1642.2719999999999,892.16700000000003,0,48.106999999999999
2026-06-25 11:00:00,19009.983999999997,-1.653,-1.419,0,-8.0440000000000005,19021.099999999999,651.04499999999996,792.61500000000001,0,0,82.105000000000004,510.53800000000001,324.62,0,0,0,1646.3510000000001,1055.5029999999999,5.0000000000000001E-3,48.119999999999997
2026-06-25 12:00:00,19102.191999999999,-1.653,-1.4179999999999999,0,-135.94499999999999,19241.207999999999,651.12199999999996,787.11500000000001,0,0,64.090000000000003,420.97500000000002,5.1890000000000001,0,0,0,1417.9480000000001,1111.96,3.3069999999999999,47.499000000000002
2026-06-25 13:00:00,19012.650999999998,-1.6399999999999999,-1.4470000000000001,0,-389.72300000000001,19405.460999999999,650.98599999999999,794.61400000000003,0,0,54.171999999999997,422.01600000000002,-0.107,0,0,0,1267.2270000000001,1182.223,18.710999999999999,47.417999999999999
2026-06-25 14:00:00,19408.322999999997,-1.6259999999999999,-1.4179999999999999,0,-466.32100000000003,19877.687999999998,651.14099999999996,798.447,0,0,115.536,417.27499999999998,12.960000000000001,0,0,0,1140.4000000000001,1096.1279999999999,30.829999999999998,46.948999999999998
2026-06-25 15:00:00,20205.446,-1.6259999999999999,-1.401,0,-21.027999999999999,20229.501,650.96500000000003,805.85400000000004,0,0,149.00800000000001,417.07299999999998,369.983,0,0,0,1181.201,859.84799999999996,3.1179999999999999,47.018000000000001
2026-06-25 16:00:00,22357.256999999998,-1.613,-1.415,0,-21.079000000000001,22381.364000000001,650.88699999999994,812.27800000000002,0,0,149.61000000000001,500.947,581.80200000000002,0,0,0,922.35799999999995,367.01600000000002,4.4390000000000001,46.442
2026-06-25 17:00:00,23849.001,-1.6399999999999999,-1.4199999999999999,0,-18.289999999999999,23870.350999999999,650.88999999999999,815.83900000000006,0,0,135.39699999999999,584.39599999999996,740.47400000000005,56,0,0,970.95699999999999,22.114000000000001,103.944,47.570999999999998
2026-06-30 20:00:00,,,,,,,,,,,,,,,,,,,,
2026-06-30 21:00:00,,,,,,,,,,,,,,,,,,,,
2026-06-30 22:00:00,,,,,,,,,,,,,,,,,,,,
2026-06-25 18:00:00,24085.769,-1.653,-1.4550000000000001,0,-4.5570000000000004,24093.434000000001,650.726,821.50199999999995,0,0,2.46,601.35699999999997,1570.1610000000001,56,0,0,961.63599999999997,1.6040000000000001,158.60499999999999,47.131
2026-06-25 19:00:00,22763.001,-1.653,-1.4399999999999999,0,-4.6500000000000004,22770.743999999999,650.91399999999999,813.053,0,0,54.893000000000001,599.35199999999998,1573.146,0,0,0,1094.633,0,76.406999999999996,47.109000000000002
2026-06-25 20:00:00,21850.458999999995,-1.6659999999999999,-1.4370000000000001,0,-4.5220000000000002,21858.083999999999,651.20500000000004,803.88300000000004,0,0,17.178000000000001,298.75799999999998,1581.2180000000001,0,0,0,1238.47,0,0,47.484000000000002
2026-06-25 21:00:00,21427.172999999999,-1.6399999999999999,-1.411,0,-54.719999999999999,21484.944,650.98699999999997,779.09199999999998,0,0,9.9480000000000004,240.00299999999999,316.68400000000003,0,0,0,1265.8989999999999,0,0,47.460999999999999
2026-06-25 22:00:00,20074.186999999998,-1.6399999999999999,-1.4059999999999999,0,-1048.4369999999999,21125.669999999998,651.05799999999999,838.03899999999999,0,0,37.863999999999997,240.00399999999999,0,0,0,0,1152.768,0,0,47.289000000000001
2026-06-25 23:00:00,18368.02,-1.653,-1.403,0,-1781.934,20153.009999999998,651.07899999999995,874.33399999999995,0,0,30.199000000000002,243.00399999999999,0,0,0,0,1331.682,0,0,45.944000000000003
2026-06-26 00:00:00,17337.533000000003,-1.653,-1.387,0,-2043.8499999999999,19384.422999999999,651.36599999999999,906.22000000000003,0,0,24.369,240.00299999999999,0,0,0,0,978.07500000000005,0,0,46.718000000000004
2026-06-26 01:00:00,17387.646999999997,-1.6659999999999999,-1.3999999999999999,0,-2009.1089999999999,19399.822,651.54399999999998,923.10599999999999,0,0,0.70199999999999996,240.00299999999999,0,0,0,0,570.40700000000004,0,0,46.591999999999999
2026-06-26 02:00:00,17217.307000000001,-3.2130000000000001,-1.411,0,-2030.287,19252.218000000001,651.25999999999999,920.88199999999995,0,0,4.8659999999999997,240.00299999999999,0,0,0,0,649.12,0,0,46.572000000000003
2026-06-26 03:00:00,17717.887999999999,-1.6659999999999999,-1.4059999999999999,0,-2008.6310000000001,19729.591,651.452,929.673,0,0,0.183,240.00299999999999,0,0,0,0,451.69299999999998,0,0,46.651000000000003
2026-06-26 04:00:00,18775.026000000002,-2.5990000000000002,-1.371,0,-1766.6410000000001,20545.636999999999,651.44200000000001,885.15200000000004,0,0,1.782,240.00299999999999,0,0,0,0,519.16099999999994,0,0,46.014000000000003
2026-06-26 05:00:00,19875.444000000003,-2.1459999999999999,-1.351,0,-929.11599999999999,20808.057000000001,651.36699999999996,815.005,0,0,53.790999999999997,241.00299999999999,-0.109,0,0,0,1202.2829999999999,0,0,47.057000000000002
2026-06-26 06:00:00,20593.489000000001,-1.6659999999999999,-1.407,0,-101.54900000000001,20698.111000000001,651.38099999999997,820.33100000000002,0,0,41.612000000000002,240.00399999999999,112.434,0,0,0,1279.375,2.0910000000000002,0,47.738
2026-06-26 07:00:00,20937.292000000001,-1.6799999999999999,-1.429,0,-11.512,20951.913,651.21799999999996,844.41099999999994,0,0,30.004999999999999,572.49199999999996,900.20500000000004,0,0,0,1385.03,84.878,0,47.572000000000003
2026-06-26 08:00:00,20934.682000000001,-1.6930000000000001,-1.421,0,-7.9850000000000003,20945.780999999999,651.14400000000001,866.50999999999999,0,0,78.647000000000006,598.98900000000003,1168.123,0,0,0,1506.9280000000001,663.18200000000002,7.0000000000000001E-3,47.933999999999997
2026-06-26 09:00:00,19833.785,-1.6659999999999999,-1.4039999999999999,0,-6.0499999999999998,19842.904999999999,651.072,869.399,0,0,87.245000000000005,600.029,1035.1410000000001,0,0,0,1463.181,1309.144,3.6459999999999999,47.881999999999998
2026-06-26 10:00:00,19239.810999999998,-1.6659999999999999,-1.379,0,-15.749000000000001,19258.605,651.08799999999997,852.18600000000004,0,0,183.464,600.005,427.185,0,0,0,1419.5060000000001,1519.4159999999999,69.997,47.795999999999999
2026-06-26 11:00:00,18685.09,-1.6659999999999999,-1.3580000000000001,0,-289.10599999999999,18977.220000000001,651.71100000000001,841.47500000000002,0,0,194.185,510.32799999999997,1.1799999999999999,0,0,0,1461.655,1524.0509999999999,94.524000000000001,47.881
2026-06-26 12:00:00,17987.052,-1.653,-1.3080000000000001,0,-942.68200000000002,18932.695,654.24199999999996,849.90499999999997,0,0,184.453,419.91300000000001,-0.58799999999999997,0,0,0,1499.7360000000001,1530.9190000000001,77.897000000000006,47.881
2026-06-26 13:00:00,17452.099000000002,-1.653,-1.2829999999999999,0,-1330.3119999999999,18785.347000000002,655.024,846.726,0,0,177.90899999999999,418.887,0,0,0,0,1503.8589999999999,1567.5889999999999,96.421999999999997,47.790999999999997
2026-06-26 14:00:00,17802.357000000004,-1.653,-1.298,0,-1141.431,18946.739000000001,655.21900000000005,867.096,0,0,181.48699999999999,420.495,0,0,0,0,1357.27,1418.5530000000001,90.198999999999998,47.872999999999998
2026-06-30 23:00:00,,,,,,,,,,,,,,,,,,,,
2026-06-30 19:00:00,,,,,,,,,,,,,,,,,,,,
2026-06-30 18:00:00,,,,,,,,,,,,,,,,,,,,
2026-06-26 15:00:00,18906.196,-1.6659999999999999,-1.373,0,-167.095,19076.330000000002,654.56500000000005,852.48900000000003,0,0,203.84800000000001,420.50900000000001,244.19999999999999,0,0,0,1185.8530000000001,1120.576,142.34399999999999,47.338000000000001
2026-06-26 16:00:00,20052.101999999999,-1.6659999999999999,-1.391,0,-8.2569999999999997,20063.416000000001,650.97900000000004,863.48199999999997,0,0,201.64699999999999,507.52300000000002,1210.636,0,0,0,1085.9680000000001,514.50400000000002,151.18000000000001,47.594999999999999
2026-06-26 17:00:00,22146.923000000003,-1.6399999999999999,-1.4059999999999999,0,-7.8840000000000003,22157.852999999999,650.99900000000002,831.197,0,0,175.923,584.51599999999996,1091.046,0,0,0,995.93799999999999,46.927,214.994,47.981000000000002
2026-06-26 18:00:00,22649.781999999999,-1.6659999999999999,-1.456,0,-3.125,22656.028999999999,651.01300000000003,815.83799999999997,0,0,176.14699999999999,594.53300000000002,1613.3889999999999,0,0,0,1068.096,1.6539999999999999,183.84999999999999,47.218000000000004
2026-06-26 19:00:00,21912.697,-1.653,-1.4359999999999999,0,-8,21923.786,650.59299999999996,794.72000000000003,0,0,172.59899999999999,599.55700000000002,1516.646,0,0,0,879.69100000000003,0,187.65700000000001,47.119
2026-06-26 20:00:00,20959.745999999999,-1.6399999999999999,-1.4350000000000001,0,-7,20969.821,651.24800000000005,872.18899999999996,0,0,203.881,279.846,1781.6800000000001,0,0,0,774.38599999999997,0,89.614000000000004,47.125999999999998
2026-06-26 21:00:00,19656.311000000002,-1.6799999999999999,-1.4450000000000001,0,-8,19667.436000000002,650.88099999999997,833.827,0,0,108.63,242.00299999999999,1830.0139999999999,0,0,0,779.54700000000003,0,67.968000000000004,47.466999999999999
2026-06-26 22:00:00,19083.227999999999,-1.6799999999999999,-1.4390000000000001,0,-9.5429999999999993,19095.889999999999,650.94500000000005,822.73500000000001,0,0,4.2830000000000004,240.00299999999999,1276.769,0,0,0,767.22299999999996,0,0,47.409999999999997
2026-06-26 23:00:00,18652.287000000004,-1.6799999999999999,-1.4379999999999999,0,-209.244,18864.649000000001,651.06299999999999,814.12400000000002,0,0,10.534000000000001,239.00299999999999,325.63200000000001,0,0,0,781.87800000000004,0,0,47.414000000000001
2026-06-27 00:00:00,17706.309999999998,-1.6659999999999999,-1.4159999999999999,0,-1197.8589999999999,18907.251,651.327,850.35900000000004,0,0,48.988999999999997,240.00299999999999,-1.2010000000000001,0,0,0,855.06299999999999,0,0,47.131
2026-06-27 01:00:00,16803.768,-1.6659999999999999,-1.4079999999999999,0,-1873.6410000000001,18680.483,651.30600000000004,885.803,0,0,14.118,240.00299999999999,0,0,0,0,1012.1319999999999,0,0,47.642000000000003
2026-06-27 02:00:00,16765.911999999997,-3.1859999999999999,-1.4079999999999999,0,-2032.271,18802.776999999998,651.41899999999998,898.17200000000003,0,0,13.382999999999999,243.00299999999999,0,0,0,0,508.99099999999999,0,0,47.395000000000003
2026-06-27 03:00:00,16675.370000000003,-1.653,-1.405,0,-2020.932,18699.360000000001,651.40099999999995,908.88599999999997,0,0,13.680999999999999,243.00299999999999,0,0,0,0,527.24099999999999,0,0,47.112000000000002
2026-06-27 04:00:00,17096.235000000001,-2.5859999999999999,-1.393,0,-1961.45,19061.664000000001,651.61699999999996,904.41399999999999,0,0,13.667999999999999,240.00299999999999,0,0,0,0,579.67399999999998,0,0,47.502000000000002
2026-06-27 05:00:00,17610.545000000002,-1.6399999999999999,-1.3959999999999999,0,-1486.085,19099.666000000001,651.52700000000004,855.38,0,0,98.843000000000004,244.00299999999999,0,0,0,0,674.75,0,0,47.664000000000001
2026-06-27 06:00:00,18635.549000000003,-1.653,-1.389,0,-556.19299999999998,19194.784,651.48699999999997,813.33399999999995,0,0,45.533000000000001,244.00299999999999,29.946999999999999,0,0,0,725.24199999999996,0.45300000000000001,0,46.747999999999998
2026-06-27 07:00:00,19202.112000000001,-1.653,-1.3979999999999999,0,-18.594000000000001,19223.757000000001,651.33500000000004,831.78800000000001,0,0,10.425000000000001,562.17899999999997,639.375,0,0,0,681.60199999999998,62.860999999999997,0.002,47.183999999999997
2026-06-27 08:00:00,19018.181999999997,-1.6659999999999999,-1.409,0,-16.646000000000001,19037.902999999998,651.19299999999998,885.322,0,0,101.492,601.76599999999996,1217.835,0,0,0,647.79999999999995,527.71900000000005,2.8000000000000001E-2,47.356000000000002
2026-06-27 09:00:00,18727.278999999999,-1.6659999999999999,-1.393,0,-16.617999999999999,18746.955999999998,651.17499999999995,856.81899999999996,0,0,162.864,600.11800000000005,1112.057,0,0,0,676.40800000000002,1018.811,3.6999999999999998E-2,47.670999999999999
2026-06-27 10:00:00,18587.59,-1.6799999999999999,-1.3540000000000001,0,-103.791,18694.415000000001,650.96100000000001,856.16899999999998,0,0,197.90299999999999,592.53300000000002,267.01900000000001,0,0,0,753.51800000000003,1267.511,7.5309999999999997,47.277999999999999
2026-06-27 11:00:00,18082.727000000003,-1.653,-1.2829999999999999,0,-659.29600000000005,18744.958999999999,650.923,857.74400000000003,0,0,203.07300000000001,505.23000000000002,0,0,0,0,754.072,1369.5340000000001,25.571999999999999,47.476999999999997
2026-06-27 12:00:00,18375.162000000004,-1.6399999999999999,-1.2789999999999999,0,-789.19500000000005,19167.276000000002,651.15999999999997,883.51900000000001,0,0,165.36799999999999,422.40899999999999,0,0,0,0,591.82000000000005,930.00099999999998,26.757999999999999,47.981000000000002
2026-06-27 13:00:00,18264.058000000001,-1.6399999999999999,-1.296,0,-793.66099999999994,19060.654999999999,651.03800000000001,886.33399999999995,0,0,203.892,419.99599999999998,0,0,0,0,587.76599999999996,864.88900000000001,20.802,47.735999999999997
2026-06-27 14:00:00,18192.486000000004,-1.653,-1.3009999999999999,0,-1011.009,19206.449000000001,651.04100000000005,856.00400000000002,0,0,204.01300000000001,421.315,0,0,0,0,661.178,859.30899999999997,16.670999999999999,47.692999999999998
2026-06-27 15:00:00,19117.253999999997,-1.6259999999999999,-1.2909999999999999,0,-906.197,20026.367999999999,651.28399999999999,894.79499999999996,0,0,204.035,420.637,-1.2999999999999999E-2,0,0,0,560.86900000000003,748.48400000000004,5.0199999999999996,47.375
2026-06-27 16:00:00,20689.278999999999,-1.6399999999999999,-1.3260000000000001,0,-27.969999999999999,20720.215,651.13800000000003,834.67100000000005,0,0,203.89099999999999,507.83100000000002,470.51799999999997,0,0,0,508.26499999999999,399.94099999999997,3.8290000000000002,47.343000000000004
2026-06-27 17:00:00,21759.771000000001,-1.653,-1.3009999999999999,0,-9.6839999999999993,21772.409,650.88099999999997,817.49099999999999,0,0,203.91399999999999,591.49300000000005,1239.289,0,0,0,886.07600000000002,47.953000000000003,26.207999999999998,47.911000000000001
2026-06-27 18:00:00,22537.146000000001,-1.6399999999999999,-1.3120000000000001,0,-4.6239999999999997,22544.722000000002,650.99699999999996,807.95399999999995,0,0,204.06299999999999,600.98299999999995,1444.5840000000001,0,0,0,979.13499999999999,0.60499999999999998,75.792000000000002,47.003
2026-06-27 19:00:00,21562.785,-1.653,-1.375,0,-8.7349999999999994,21574.547999999999,650.76599999999996,795.61099999999999,0,0,203.33099999999999,598.346,1424.4649999999999,0,0,0,1037.164,0,28.800000000000001,47.442999999999998
2026-06-27 20:00:00,20311.141000000003,-1.653,-1.3220000000000001,0,-21.759,20335.875,650.81600000000003,789.23400000000004,0,0,168.65700000000001,288.34899999999999,1214.2529999999999,0,0,0,1324.9670000000001,0,0,47.625999999999998
2026-06-27 21:00:00,19351.058000000001,-1.653,-1.306,0,-252.02000000000001,19606.037,650.73500000000001,791.29200000000003,0,0,85.796000000000006,240.00399999999999,801.01099999999997,0,0,0,1315.5070000000001,0,0,47.279000000000003
2026-06-27 22:00:00,18538.940999999999,-1.6659999999999999,-1.3009999999999999,0,-727.78099999999995,19269.688999999998,650.83799999999997,803.96299999999997,0,0.001,19.751999999999999,241.00399999999999,0,0,0,0,1493.383,0,0,47.918999999999997
2026-06-27 23:00:00,16758.577999999998,-1.6799999999999999,-1.3049999999999999,0,-1744.4000000000001,18505.963,650.84900000000005,869.02300000000002,0,0.002,11.076000000000001,239.00399999999999,0,0,0,0,1795.327,0,0,48.241999999999997
2026-06-28 00:00:00,16535.385999999999,-1.6659999999999999,-1.3069999999999999,0,-2035.828,18574.187000000002,651.02700000000004,927.47500000000002,0,0.002,13.218,241.00399999999999,0,0,0,0,896.30899999999997,0,0,48.381
2026-06-28 01:00:00,16215.073999999997,-1.6659999999999999,-1.3089999999999999,0,-2044.3710000000001,18262.419999999998,650.03899999999999,764.79899999999998,0,5.0000000000000001E-3,13.207000000000001,240.00399999999999,0,0,0,0,749.95399999999995,0,0,48.392000000000003
2026-06-28 02:00:00,15786.373,-3.1989999999999998,-1.3100000000000001,0,-2043.211,17834.093000000001,650.678,758.13599999999997,0,5.0000000000000001E-3,13.638999999999999,237.00399999999999,0,0,0,0,839.572,0,0,48.427
2026-06-28 03:00:00,15543.087999999998,-2.133,-1.298,0,-2015.615,17562.133999999998,650.90800000000002,764.94799999999998,0,0.002,47.479999999999997,242.00399999999999,0,0,0,0,928.96500000000003,0,0,48.343000000000004
2026-06-28 04:00:00,15811.172,-2.133,-1.2949999999999999,0,-2009.0640000000001,17823.664000000001,650.91999999999996,745.90800000000002,0,3.0000000000000001E-3,55.051000000000002,240.00399999999999,0,0,0,0,926.274,0,0,48.085999999999999
2026-06-28 05:00:00,16406.184000000001,-1.6659999999999999,-1.298,0,-1678.4590000000001,18087.607,650.84100000000001,745.93499999999995,0,0.002,75.685000000000002,242.00399999999999,-1.4999999999999999E-2,0,0,0,939.15300000000002,0,0,47.909999999999997
2026-06-28 06:00:00,17634.933000000001,-1.6659999999999999,-1.296,0,-504.61700000000002,18142.511999999999,650.93899999999996,647.50999999999999,0,0,17.303000000000001,240.00399999999999,15.920999999999999,0,0,0,909.32399999999996,2.1659999999999999,0,46.512
2026-06-28 07:00:00,18408.283000000003,-1.6659999999999999,-1.2949999999999999,0,-9.3130000000000006,18420.557000000001,650.86199999999997,626.26400000000001,0,0,19.792000000000002,541.48500000000001,839.67899999999997,0,0,0,844.97900000000004,86.546000000000006,0.001,45.680999999999997
2026-06-28 08:00:00,18083.665999999997,-1.6659999999999999,-1.3,0,-5.9009999999999998,18092.532999999999,650.48000000000002,624.625,0,0,124.5,596.83600000000001,1298.23,0,0,0,1158.22,688.577,1.0999999999999999E-2,45.588000000000001
2026-06-28 09:00:00,18149.183000000001,-1.6399999999999999,-1.2949999999999999,0,-10.114000000000001,18162.232,650.33900000000006,658.56799999999998,0,0,166.41300000000001,595.23800000000006,362.20600000000002,0,0,0,1210.2090000000001,1168.6790000000001,7.0000000000000001E-3,46.835000000000001
2026-06-28 10:00:00,18278.010000000002,-1.6659999999999999,-1.2829999999999999,0,-224.06299999999999,18505.022000000001,650.58000000000004,734.29999999999995,0,0,200.267,599.49699999999996,225.51599999999999,0,0,0,932.26700000000005,995.44100000000003,27.856000000000002,47.478999999999999
2026-06-28 11:00:00,18134.507000000001,-1.6659999999999999,-1.278,0,-245.804,18383.255000000001,650.44500000000005,722.36500000000001,0,0,202.75800000000001,509.71600000000001,398.69099999999997,0,0,0,794.93299999999999,792.476,87.706000000000003,47.447000000000003
2026-06-28 12:00:00,18022.308000000001,-1.653,-1.274,0,-248.452,18273.687000000002,650.50099999999998,711.65300000000002,0,0,182.053,426.26799999999997,257,0,0,0,849.11599999999999,794.60400000000004,115.011,47.335000000000001
2026-06-28 13:00:00,17841.243999999999,-1.653,-1.276,0,-339.178,18183.350999999999,650.38400000000001,719.14200000000005,0,0,206.268,420.64400000000001,177,0,0,0,884.72299999999996,777.04700000000003,93.792000000000002,47.433
2026-06-28 14:00:00,18045.235999999997,-1.6399999999999999,-1.274,0,-438.28899999999999,18486.438999999998,650.74000000000001,752.625,0,0,202.18299999999999,422.49200000000002,0,0,0,0,866.70699999999999,716.69200000000001,124.62,47.329999999999998
2026-06-28 15:00:00,18537.560999999998,-1.6659999999999999,-1.2729999999999999,0,-386.95600000000002,18927.455999999998,650.91899999999998,686.48800000000006,0,0,196.63,422.54500000000002,-8.0000000000000002E-3,0,0,0,887.524,682.95600000000002,130.86600000000001,47.323999999999998
2026-06-28 16:00:00,19097.067999999999,-1.6799999999999999,-1.2889999999999999,0,-8.1199999999999992,19108.156999999999,650.87400000000002,682.69100000000003,0,0,155.46100000000001,507.68599999999998,1198.675,0,0,0,973.63199999999995,408.88400000000001,162.791,46.915999999999997
2026-06-28 17:00:00,19839.142,-1.653,-1.286,0,0,19842.080999999998,651.12400000000002,749.34000000000003,0,0,157.797,582.73099999999999,1694.153,0,0,0,2136.7109999999998,59.328000000000003,242.56999999999999,46.594999999999999
2026-06-28 18:00:00,20211.536,-1.6399999999999999,-1.304,0,0,20214.48,651.13900000000001,969.81100000000004,0,0,160.61799999999999,601.71699999999998,2239.1869999999999,0,0,0,2075.1689999999999,2.012,248.40000000000001,47.012999999999998
2026-06-28 19:00:00,19366.934000000001,-1.653,-1.2969999999999999,0,-2.8620000000000001,19372.745999999999,651.11400000000003,988.80799999999999,0,0,159.97399999999999,596.75900000000001,2048.377,0,0,0,2025.25,0,160.74600000000001,47.305999999999997
2026-06-28 20:00:00,18840.954000000005,-1.653,-1.296,0,-4.9400000000000004,18848.843000000001,651.08299999999997,990.44600000000003,0,0.001,156.37200000000001,301.38200000000001,1368.913,0,0,0,2086.1999999999998,0,34.834000000000003,47.326000000000001
2026-06-28 21:00:00,18228.685999999998,-1.6659999999999999,-1.347,0,-53.201999999999998,18284.901000000002,651.12699999999995,978.31100000000004,0,0.002,85.995000000000005,241.00399999999999,401.48500000000001,0,0,0,2383.4609999999998,0,0,47.414000000000001
2026-06-28 22:00:00,17272.991999999998,-1.6659999999999999,-1.337,0,-695.33600000000001,17971.330999999998,651.17899999999997,988.20600000000002,0,0.001,0.56200000000000006,240.00299999999999,-1.8300000000000001,0,0,0,2363.5349999999999,0,0,47.503999999999998
2026-06-28 23:00:00,16023.592999999999,-1.6799999999999999,-1.3420000000000001,0,-1856.797,17883.412,651.46600000000001,1002.775,0,0,0.52900000000000003,240.00299999999999,0,0,0,0,1897.3710000000001,0,0,47.521000000000001
2026-06-29 00:00:00,16083.034,-1.6930000000000001,-1.415,0,-1756.711,17842.852999999999,651.64599999999996,862.89400000000001,0,0,0.59899999999999998,240.00299999999999,0,0,0,0,802.51499999999999,0,0,47.183999999999997
2026-06-29 01:00:00,15627.103999999999,-1.6930000000000001,-1.427,0,-2053.3209999999999,17683.544999999998,651.33299999999997,865.83699999999999,0,0,0.56299999999999994,240.00299999999999,0,0,0,0,780.02599999999995,0,0,47.113999999999997
2026-06-29 02:00:00,15367.409000000001,-2.786,-1.403,0,-2072.2800000000002,17443.878000000001,651.17499999999995,862.95799999999997,0,0.002,0.56499999999999995,240.00399999999999,0,0,0,0,738.92499999999995,0,0,47.085999999999999
2026-06-29 03:00:00,15486.236000000003,-1.706,-1.325,0,-2049.078,17538.345000000001,651.52300000000002,865.64200000000005,0,4.0000000000000001E-3,1.5900000000000001,241.00399999999999,0,0,0,0,673.86800000000005,0,0,47.058
2026-06-29 04:00:00,16488.463,-1.6799999999999999,-1.2949999999999999,0,-1541.607,18033.044999999998,651.78499999999997,838.51099999999997,0,0.001,45.539000000000001,243.00299999999999,0,0,0,0,675.18700000000001,0,0,47.189999999999998
2026-06-29 05:00:00,17950.440000000002,-1.6799999999999999,-1.304,0,-699.99199999999996,18653.416000000001,651.99000000000001,762.67899999999997,0,0,168.87899999999999,241.00299999999999,-3.5000000000000003E-2,0,0,0,668.15899999999999,0,0.40000000000000002,47.195999999999998
2026-06-29 06:00:00,18912.671999999999,-1.6930000000000001,-1.3220000000000001,0,-56.625999999999998,18972.312999999998,651.92899999999997,809.173,0,0,25.273,240.00299999999999,297.30799999999999,0,0,0,600.58000000000004,1.2749999999999999,2.2999999999999998,47.234000000000002
2026-06-29 07:00:00,19170.894999999997,-2.613,-1.3879999999999999,0,-9.2029999999999994,19184.098999999998,651.78200000000004,957.20600000000002,0,0,1.1990000000000001,549.976,1356.7729999999999,0,0,0,560.56100000000004,100.06100000000001,3.6000000000000001,47.265000000000001
2026-06-29 08:00:00,19567.513999999999,-1.6799999999999999,-1.423,0,-9.2690000000000001,19579.885999999999,651.63900000000001,1121.2360000000001,0,0,19.693999999999999,602.61599999999999,1507.7049999999999,0,0,0,490.40899999999999,663.32399999999996,6.2999999999999998,47.298000000000002
2026-06-29 09:00:00,19249.022000000001,-1.6930000000000001,-1.4099999999999999,0,-5.6630000000000003,19257.788,651.44000000000005,1034.8530000000001,0,0,53.673000000000002,600.87699999999995,1552.1030000000001,0,0,0,441.762,1128.5889999999999,25.652999999999999,47.128999999999998
2026-06-29 10:00:00,19324.883999999998,-1.6799999999999999,-1.327,0,-12.478999999999999,19340.369999999999,651.44500000000005,1001.833,0,0,88.003,602.91600000000005,44.686999999999998,0,0,0,436.24000000000001,1156.0719999999999,103.92400000000001,47.204999999999998
2026-06-29 11:00:00,19721.048999999999,-1.6799999999999999,-1.423,0,-22.273,19746.424999999999,651.60299999999995,797.71199999999999,0,0,103.227,521.98000000000002,-1.7000000000000001E-2,0,0,0,464.45699999999999,857.577,99.649000000000001,47.283000000000001
2026-06-29 12:00:00,19601.190000000002,-1.6799999999999999,-1.4399999999999999,0,-14.090999999999999,19618.401000000002,651.55200000000002,825.83199999999999,0,0,120.236,443.32799999999997,-1.7999999999999999E-2,0,0,0,426.18599999999998,805.53399999999999,132.78700000000001,47.328000000000003
2026-06-29 13:00:00,19541.584999999999,-1.6659999999999999,-1.4450000000000001,0,-14.167999999999999,19558.864000000001,651.28499999999997,800.54899999999998,0,0,143.54400000000001,423.19900000000001,-1.7999999999999999E-2,0,0,0,415.166,797.99800000000005,154.952,47.262
2026-06-29 14:00:00,19558.258000000002,-1.6659999999999999,-1.4419999999999999,0,-22.193999999999999,19583.560000000001,651.23900000000003,836.18100000000004,0,0,134.92400000000001,420.44799999999998,-2.1999999999999999E-2,0,0,0,442.959,783.62699999999995,230.745,46.308999999999997
2026-06-29 15:00:00,19922.229999999996,-1.6659999999999999,-1.4330000000000001,0,-18.484999999999999,19943.813999999998,651.32500000000005,845.01900000000001,0,0,116.938,422.73599999999999,341.02999999999997,0,0,0,444.60700000000003,790.20699999999999,253.02500000000001,46.723999999999997
2026-06-29 16:00:00,20943.198000000004,-1.653,-1.4410000000000001,0,-8.9589999999999996,20955.251,651.43100000000004,861.06100000000004,0,0,108.883,504.81,972.572,0,0,0,510.96100000000001,552.37300000000005,286.94499999999999,46.662999999999997
2026-06-29 17:00:00,22277.552,-1.6799999999999999,-1.4530000000000001,0,-4.1760000000000002,22284.861000000001,651.28599999999994,999.04200000000003,0,0,19.873000000000001,588.76300000000003,1417.28,0,0,0,764.44899999999996,60.246000000000002,290.76600000000002,47.216000000000001
2026-06-29 18:00:00,23292.099000000002,-1.6930000000000001,-1.4810000000000001,0,0,23295.273000000001,651.27200000000005,1002.117,0,0,5.8000000000000003E-2,602.09799999999996,1789.874,0,0,0,781.50099999999998,1.4970000000000001,302.00400000000002,46.799999999999997
2026-06-29 19:00:00,22228.329000000002,-1.6799999999999999,-1.482,0,0,22231.491000000002,651.22799999999995,979.25599999999997,0,0,0,601.24400000000003,1648.9380000000001,0,0,0,763.20600000000002,0,278.43799999999999,46.408000000000001
2026-06-29 20:00:00,21797.850000000002,-1.6799999999999999,-1.456,0,-12.712999999999999,21813.699000000001,651.40099999999995,1007.772,0,0,0.16800000000000001,284.70100000000002,1117.559,0,0,0,857.18100000000004,0,231.75999999999999,47.478000000000002
2026-06-29 21:00:00,20681.185000000001,-1.6930000000000001,-1.456,0,-17.738,20702.072,651.38699999999994,1065.335,0,0,0,242.00299999999999,353.64299999999997,0,0,0,895.78800000000001,0,126.039,47.383000000000003
2026-06-29 22:00:00,19538.812000000002,-1.6799999999999999,-1.464,0,-369.142,19911.098000000002,651.471,1039.511,0,0,0,240.00299999999999,-1.1899999999999999,0,0,0,825.41600000000005,0,23.844999999999999,47.439999999999998
2026-06-29 23:00:00,18065.169000000002,-1.6799999999999999,-1.4510000000000001,0,-1005.509,19073.809000000001,651.71000000000004,1072.4290000000001,0,0,0,241.00299999999999,-0.59099999999999997,0,0,0,789.07399999999996,0,5.7050000000000001,47.031999999999996
2026-06-30 00:00:00,,,,,,,,,,,,,,,,,,,,
2026-06-30 01:00:00,,,,,,,,,,,,,,,,,,,,
2026-06-30 02:00:00,,,,,,,,,,,,,,,,,,,,
2026-06-30 03:00:00,,,,,,,,,,,,,,,,,,,,
2026-06-30 04:00:00,,,,,,,,,,,,,,,,,,,,
2026-06-30 05:00:00,,,,,,,,,,,,,,,,,,,,
2026-06-30 06:00:00,,,,,,,,,,,,,,,,,,,,
2026-06-30 07:00:00,,,,,,,,,,,,,,,,,,,,
2026-06-30 08:00:00,,,,,,,,,,,,,,,,,,,,
2026-06-30 09:00:00,,,,,,,,,,,,,,,,,,,,
2026-06-30 10:00:00,,,,,,,,,,,,,,,,,,,,
2026-06-30 11:00:00,,,,,,,,,,,,,,,,,,,,
2026-06-30 12:00:00,,,,,,,,,,,,,,,,,,,,
2026-06-30 13:00:00,,,,,,,,,,,,,,,,,,,,
2026-06-30 14:00:00,,,,,,,,,,,,,,,,,,,,
